"Timestamp","sessionID","timeTowerSelection","typeTowerSelection"
"2025/04/10 6:40:51 PM MDT","638799036135819329","638799036517061278","normal"
"2025/04/21 1:43:02 PM MDT","638808361473886460","638808361825744790","normal"
"2025/04/21 1:44:09 PM MDT","638808362079280700","638808362495890200","normal"
"2025/04/22 3:50:15 PM MDT","638809301781204830","638809302148548870","normal"
"2025/04/23 6:26:44 PM MDT","638810259843981510","638810260040331730","normal"
"2025/04/23 6:26:58 PM MDT","638810259843981510","638810260182993310","flame"
"2025/04/23 6:27:45 PM MDT","638810259843981510","638810260653478600","normal"
"2025/04/23 6:28:08 PM MDT","638810259843981510","638810260883806930","normal"
"2025/04/23 6:28:34 PM MDT","638810259843981510","638810261147134270","normal"
"2025/04/23 6:28:50 PM MDT","638810259843981510","638810261300958330","normal"
"2025/04/23 6:29:07 PM MDT","638810259843981510","638810261472451360","normal"
"2025/04/23 6:29:23 PM MDT","638810259843981510","638810261632785490","normal"
"2025/04/23 6:29:45 PM MDT","638810259843981510","638810261856926450","normal"
"2025/04/23 6:30:12 PM MDT","638810259843981510","638810262126906120","normal"
"2025/04/23 6:30:31 PM MDT","638810259843981510","638810262312407900","normal"
"2025/04/23 6:30:37 PM MDT","638810259843981510","638810262371062720","normal"
"2025/04/23 6:30:43 PM MDT","638810259843981510","638810262433049300","normal"
"2025/04/23 6:30:48 PM MDT","638810259843981510","638810262480729660","normal"
"2025/04/23 6:30:55 PM MDT","638810259843981510","638810262549548260","normal"
"2025/04/23 6:30:57 PM MDT","638810259843981510","638810262578380380","normal"
"2025/04/23 6:31:00 PM MDT","638810259843981510","638810262599061690","normal"
"2025/04/23 6:31:07 PM MDT","638810259843981510","638810262669215150","flame"
"2025/04/23 6:31:15 PM MDT","638810259843981510","638810262753384270","normal"
"2025/04/23 6:31:18 PM MDT","638810259843981510","638810262781363580","normal"
"2025/04/23 6:31:20 PM MDT","638810259843981510","638810262807029890","normal"
"2025/04/23 6:31:23 PM MDT","638810259843981510","638810262830688420","normal"
"2025/04/23 6:31:25 PM MDT","638810259843981510","638810262857523520","normal"
"2025/04/23 6:31:27 PM MDT","638810259843981510","638810262877034720","normal"
"2025/04/23 7:02:30 PM MDT","638810281290767210","638810281496727450","normal"
"2025/04/23 7:02:39 PM MDT","638810281290767210","638810281595529110","normal"
"2025/04/23 7:06:26 PM MDT","638810283688079300","638810283867970240","normal"
"2025/04/23 7:06:39 PM MDT","638810283688079300","638810283995258880","normal"
"2025/04/23 7:07:36 PM MDT","638810284378522160","638810284559658060","flame"
"2025/04/23 7:07:56 PM MDT","638810284378522160","638810284764437280","normal"
"2025/04/23 7:10:51 PM MDT","638810286327552630","638810286517007800","flame"
"2025/04/23 7:11:04 PM MDT","638810286327552630","638810286640637310","flame"
"2025/04/23 7:14:52 PM MDT","638810288693477740","638810288915535500","normal"
"2025/04/23 7:15:00 PM MDT","638810288693477740","638810289004480110","flame"
"2025/04/23 9:48:17 PM MDT","638810380644333150","638810380965809770","normal"
"2025/04/23 9:49:28 PM MDT","638810381486876610","638810381677613870","flame"
"2025/04/23 10:05:56 PM MDT","638810390681086030","638810391562238200","normal"
"2025/04/23 10:06:12 PM MDT","638810390681086030","638810391724725450","normal"
"2025/04/23 10:06:27 PM MDT","638810390681086030","638810391870565110","normal"
"2025/04/23 10:06:40 PM MDT","638810390681086030","638810391999352170","normal"
"2025/04/23 10:07:00 PM MDT","638810390681086030","638810392203175230","normal"
"2025/04/23 10:15:54 PM MDT","638810397143736630","638810397537851870","normal"
"2025/04/23 10:16:09 PM MDT","638810397143736630","638810397696305040","flame"
"2025/04/23 10:17:13 PM MDT","638810398043602810","638810398332986060","normal"
"2025/04/23 10:17:25 PM MDT","638810398043602810","638810398450073020","flame"
"2025/04/24 12:02:00 AM MDT","638810460921861220","638810461203915220","normal"
"2025/04/24 1:46:50 AM MDT","638810523779503870","638810524099799810","normal"
"2025/04/24 1:47:01 AM MDT","638810523779503870","638810524215450680","flame"
"2025/04/24 1:57:05 AM MDT","638810529905392200","638810530250749370","flame"
"2025/04/24 1:57:14 AM MDT","638810529905392200","638810530339537950","flame"
"2025/04/24 2:01:23 AM MDT","638810532529839930","638810532833721900","normal"
"2025/04/24 2:01:29 AM MDT","638810532529839930","638810532896823070","flame"
"2025/04/24 2:02:21 AM MDT","638810532529839930","638810533408635380","normal"
"2025/04/24 2:25:35 AM MDT","638810547148252540","638810547353921390","normal"
"2025/04/24 2:28:57 AM MDT","638810549017726790","638810549366936480","normal"
"2025/04/24 2:29:08 AM MDT","638810549017726790","638810549483376520","flame"
"2025/04/24 2:29:42 AM MDT","638810549017726790","638810549817522480","flame"
"2025/04/24 2:30:49 AM MDT","638810549017726790","638810550489979090","flame"
"2025/04/24 2:32:27 AM MDT","638810551049531690","638810551469231810","flame"
"2025/04/24 2:34:46 AM MDT","638810552649050440","638810552863479750","flame"
"2025/04/24 2:40:21 AM MDT","638810555781144210","638810556208880550","flame"
"2025/04/24 3:06:20 AM MDT","638810571422355550","638810571804122980","flame"
"2025/04/24 3:07:04 AM MDT","638810571422355550","638810572244107780","flame"
"2025/04/24 3:08:02 AM MDT","638810571422355550","638810572821240910","flame"
"2025/04/24 3:13:06 AM MDT","638810575461648140","638810575862751400","normal"
"2025/04/24 3:13:27 AM MDT","638810575461648140","638810576070232090","flame"
"2025/04/24 3:14:23 AM MDT","638810575461648140","638810576628321160","normal"
"2025/04/24 3:23:23 AM MDT","638810581712738210","638810582030408240","normal"
"2025/04/24 3:23:51 AM MDT","638810581712738210","638810582312494300","flame"
"2025/04/24 3:24:18 AM MDT","638810581712738210","638810582579167190","normal"
"2025/04/24 3:24:38 AM MDT","638810581712738210","638810582783304230","normal"
"2025/04/24 3:24:54 AM MDT","638810581712738210","638810582944128240","flame"
"2025/04/24 3:25:36 AM MDT","638810581712738210","638810583359287250","normal"
"2025/04/24 3:25:56 AM MDT","638810581712738210","638810583566927320","normal"
"2025/04/24 3:26:20 AM MDT","638810581712738210","638810583797894850","normal"
"2025/04/24 3:46:17 PM MDT","638811027411344480","638811027766137240","normal"
"2025/04/24 3:47:10 PM MDT","638811027411344480","638811028305451560","flame"
"2025/04/24 3:47:33 PM MDT","638811027411344480","638811028536602460","flame"
"2025/04/24 3:47:47 PM MDT","638811027411344480","638811028676096570","normal"
"2025/04/24 3:48:00 PM MDT","638811027411344480","638811028803274260","normal"
"2025/04/24 3:48:16 PM MDT","638811027411344480","638811028966411580","normal"
"2025/04/24 6:48:49 PM MDT","638811136915985520","638811137286975500","flame"
"2025/04/24 7:16:40 PM MDT","638811153580266230","638811153998014790","flame"
"2025/04/24 7:20:03 PM MDT","638811155639445800","638811156026235070","normal"
"2025/04/24 7:22:08 PM MDT","638811156906906930","638811157277809230","normal"
"2025/04/24 7:30:06 PM MDT","638811161721878610","638811162052970400","normal"
"2025/04/24 7:31:34 PM MDT","638811162602570260","638811162942482240","normal"
"2025/04/24 7:36:20 PM MDT","638811165464239110","638811165798961280","normal"
"2025/04/24 7:41:08 PM MDT","638811168335946010","638811168680968130","normal"
"2025/04/24 8:22:42 PM MDT","638811193273155450","638811193616851220","flame"
"2025/04/24 8:23:05 PM MDT","638811193273155450","638811193852322810","normal"
"2025/04/24 8:23:23 PM MDT","638811193273155450","638811194028931360","normal"
"2025/04/24 8:24:17 PM MDT","638811193273155450","638811194567496750","normal"
"2025/04/24 8:26:55 PM MDT","638811195806048640","638811196148309260","normal"
"2025/04/24 8:27:37 PM MDT","638811195806048640","638811196572942820","normal"
"2025/04/24 8:29:12 PM MDT","638811197194166220","638811197520794150","normal"
"2025/04/24 8:30:37 PM MDT","638811198047159820","638811198373827230","normal"
"2025/04/24 8:33:26 PM MDT","638811199730009020","638811200061569590","normal"
"2025/04/24 8:35:15 PM MDT","638811200800579170","638811201152788640","normal"
"2025/04/24 8:37:32 PM MDT","638811202163077790","638811202522879860","normal"
"2025/04/24 10:05:31 PM MDT","638811255133049470","638811255312468050","flame"
"2025/04/24 10:07:11 PM MDT","638811256121326200","638811256312623690","normal"
"2025/04/24 10:15:47 PM MDT","638811260794603840","638811261470364730","flame"
"2025/04/24 10:28:41 PM MDT","638811268899221670","638811269215493930","normal"
"2025/04/24 10:29:50 PM MDT","638811268899221670","638811269906418800","normal"
"2025/04/24 10:30:02 PM MDT","638811268899221670","638811270025119690","normal"
"2025/04/24 10:30:33 PM MDT","638811270032399010","638811270328059440","flame"
"2025/04/24 10:31:10 PM MDT","638811270533805570","638811270703202180","normal"
"2025/04/24 10:31:21 PM MDT","638811270533805570","638811270813337480","normal"
"2025/04/24 10:33:34 PM MDT","638811271870415320","638811272140499550","normal"
"2025/04/24 10:33:49 PM MDT","638811271870415320","638811272291159300","normal"
"2025/04/24 10:41:30 PM MDT","638811276614975020","638811276904677340","flame"
"2025/04/24 10:43:06 PM MDT","638811277555996480","638811277860411600","flame"
"2025/04/24 10:45:13 PM MDT","638811278843291110","638811279135817390","flame"
"2025/04/24 10:47:37 PM MDT","638811280406708330","638811280570007420","flame"
"2025/04/24 10:47:49 PM MDT","638811280406708330","638811280694481490","flame"
"2025/04/24 10:48:52 PM MDT","638811281047673440","638811281324564830","flame"
"2025/04/24 10:57:36 PM MDT","638811286380542060","638811286562308350","flame"
"2025/04/24 11:06:23 PM MDT","638811291658033930","638811291829924540","normal"
"2025/04/24 11:06:34 PM MDT","638811291658033930","638811291943443060","flame"
"2025/04/24 11:18:58 PM MDT","638811299225344780","638811299377804270","flame"
"2025/04/24 11:35:03 PM MDT","638811308854420090","638811309026608120","normal"
"2025/04/24 11:35:59 PM MDT","638811309419977300","638811309591762170","normal"
"2025/04/24 11:36:09 PM MDT","638811309419977300","638811309691209120","normal"
"2025/04/24 11:40:47 PM MDT","638811312248565550","638811312468219890","normal"
"2025/04/24 11:57:12 PM MDT","638811322153739770","638811322320608130","flame"
"2025/04/25 1:24:16 AM MDT","638811374402964710","638811374561121430","normal"
"2025/04/25 1:28:32 AM MDT","638811374402964710","638811377126095130","normal"
"2025/04/25 1:29:14 AM MDT","638811374402964710","638811377543425830","normal"
"2025/04/25 1:30:07 AM MDT","638811374402964710","638811378074763220","normal"
"2025/04/25 1:51:16 AM MDT","638811389877560000","638811390760620000","normal"
"2025/04/25 2:08:05 AM MDT","638811399547765970","638811400848430570","normal"
"2025/04/25 2:08:37 AM MDT","638811400882321200","638811401176368560","flame"
"2025/04/25 2:08:48 AM MDT","638811400882321200","638811401285203530","flame"
"2025/04/25 2:09:07 AM MDT","638811401159173320","638811401472942970","normal"
"2025/04/25 2:24:03 AM MDT","638811410090130000","638811410435320000","normal"
"2025/04/25 2:27:38 AM MDT","638811412256970000","638811412579100000","normal"
"2025/04/25 2:28:15 AM MDT","638811412256970000","638811412950360000","normal"
"2025/04/25 2:33:12 AM MDT","638811415611504400","638811415927751280","normal"
"2025/04/25 2:35:03 AM MDT","638811416741961850","638811417031679480","normal"
"2025/04/25 2:37:54 AM MDT","638811418579542110","638811418742406070","normal"
"2025/04/25 2:41:11 AM MDT","638811420533228440","638811420712934450","normal"
"2025/04/25 2:42:52 AM MDT","638811421505491120","638811421720416950","normal"
"2025/04/25 2:44:15 AM MDT","638811422234296930","638811422557306010","normal"
"2025/04/25 9:31:56 AM MDT","638811666774615640","638811667163625480","normal"
"2025/04/25 9:32:54 AM MDT","638811667359508820","638811667738735560","normal"
"2025/04/25 9:33:13 AM MDT","638811667359508820","638811667931448030","flame"
"2025/04/25 9:34:46 AM MDT","638811668512663650","638811668862042490","normal"
"2025/04/25 9:36:01 AM MDT","638811669240607530","638811669608615940","normal"
"2025/04/25 9:36:22 AM MDT","638811669240607530","638811669822122620","normal"
"2025/04/25 9:38:13 AM MDT","638811669240607530","638811670930521120","normal"
"2025/04/25 9:38:36 AM MDT","638811669240607530","638811671162389750","normal"
"2025/04/25 9:39:05 AM MDT","638811669240607530","638811671449212090","flame"
"2025/04/25 9:48:59 AM MDT","638811677053981430","638811677394834010","normal"
"2025/04/25 9:49:23 AM MDT","638811677053981430","638811677626959620","normal"
"2025/04/25 9:51:09 AM MDT","638811677053981430","638811678694057340","normal"
"2025/04/25 9:51:38 AM MDT","638811677053981430","638811678981134930","flame"
"2025/04/25 9:51:49 AM MDT","638811677053981430","638811679088410330","normal"
"2025/04/25 9:51:59 AM MDT","638811677053981430","638811679195444000","flame"
"2025/04/25 9:52:08 AM MDT","638811677053981430","638811679285427560","flame"
"2025/04/25 9:52:18 AM MDT","638811677053981430","638811679379635050","normal"
"2025/04/25 9:52:21 AM MDT","638811677053981430","638811679409344850","normal"
"2025/04/25 9:52:27 AM MDT","638811677053981430","638811679468720420","normal"
"2025/04/25 9:59:25 AM MDT","638811683279092570","638811683655624500","normal"
"2025/04/25 9:59:46 AM MDT","638811683279092570","638811683857862880","normal"
"2025/04/25 10:00:14 AM MDT","638811683279092570","638811684140961830","normal"
"2025/04/25 10:01:14 AM MDT","638811683279092570","638811684744089970","normal"
"2025/04/25 10:01:39 AM MDT","638811683279092570","638811684987328980","normal"
"2025/04/25 10:01:52 AM MDT","638811683279092570","638811685121143480","normal"
"2025/04/25 10:03:53 AM MDT","638811686162087380","638811686329909070","normal"
"2025/04/25 2:01:22 PM MDT","638811828419488900","638811828820021040","normal"
"2025/04/25 2:01:44 PM MDT","638811828419488900","638811829038753310","normal"
"2025/04/25 2:03:14 PM MDT","638811829604037130","638811829940224490","normal"
"2025/04/25 2:03:40 PM MDT","638811829604037130","638811830201951230","normal"
"2025/04/25 2:04:02 PM MDT","638811829604037130","638811830424413630","flame"
"2025/04/25 2:04:23 PM MDT","638811829604037130","638811830629307240","flame"
"2025/04/25 2:05:32 PM MDT","638811829604037130","638811831323742210","flame"
"2025/04/25 2:05:50 PM MDT","638811829604037130","638811831505132410","normal"
"2025/04/25 2:06:09 PM MDT","638811829604037130","638811831686767400","flame"
"2025/04/25 2:24:43 PM MDT","638811842507067760","638811842832803330","normal"
"2025/04/25 2:24:56 PM MDT","638811842507067760","638811842966549840","flame"
"2025/04/25 2:27:15 PM MDT","638811843816137890","638811844357176050","flame"
"2025/04/25 2:33:14 PM MDT","638811847538546770","638811847935861570","normal"
"2025/04/25 2:33:37 PM MDT","638811847538546770","638811848171502100","normal"
"2025/04/25 2:33:54 PM MDT","638811847538546770","638811848337987780","normal"
"2025/04/25 2:34:35 PM MDT","638811847538546770","638811848753621140","normal"
"2025/04/25 2:34:51 PM MDT","638811847538546770","638811848914768030","flame"
"2025/04/25 3:22:04 PM MDT","638811876735520000","638811877241360000","flame"
"2025/04/25 3:39:36 PM MDT","638811887401440000","638811887763510000","normal"
"2025/04/25 3:39:54 PM MDT","638811887401440000","638811887942520000","normal"
"2025/04/25 3:40:11 PM MDT","638811887401440000","638811888111520000","normal"
"2025/04/25 3:40:36 PM MDT","638811887401440000","638811888362840000","normal"
"2025/04/25 3:40:55 PM MDT","638811887401440000","638811888553670000","normal"
"2025/04/25 3:41:13 PM MDT","638811887401440000","638811888735520000","normal"
"2025/04/25 3:41:29 PM MDT","638811887401440000","638811888889180000","normal"
"2025/04/25 3:41:40 PM MDT","638811887401440000","638811889003850000","normal"
"2025/04/25 3:41:53 PM MDT","638811887401440000","638811889133860000","normal"
"2025/04/25 3:42:04 PM MDT","638811887401440000","638811889247690000","normal"
"2025/04/25 3:42:11 PM MDT","638811887401440000","638811889314370000","normal"
"2025/04/25 3:42:21 PM MDT","638811887401440000","638811889412850000","normal"
"2025/04/25 3:42:30 PM MDT","638811887401440000","638811889502860000","normal"
"2025/04/25 3:42:39 PM MDT","638811887401440000","638811889590190000","normal"
"2025/04/25 3:42:46 PM MDT","638811887401440000","638811889661520000","normal"
"2025/04/25 3:42:50 PM MDT","638811887401440000","638811889702350000","normal"
"2025/04/25 3:42:56 PM MDT","638811887401440000","638811889764190000","normal"
"2025/04/25 3:43:03 PM MDT","638811887401440000","638811889830360000","normal"
"2025/04/25 3:43:08 PM MDT","638811887401440000","638811889880530000","normal"
"2025/04/25 3:43:15 PM MDT","638811887401440000","638811889946360000","normal"
"2025/04/25 3:43:19 PM MDT","638811887401440000","638811889997690000","normal"
"2025/04/25 3:43:24 PM MDT","638811887401440000","638811890045860000","normal"
"2025/04/25 3:43:35 PM MDT","638811887401440000","638811890156530000","normal"
"2025/04/25 3:43:43 PM MDT","638811887401440000","638811890237860000","normal"
"2025/04/25 3:43:50 PM MDT","638811887401440000","638811890302690000","flame"
"2025/04/25 3:43:56 PM MDT","638811887401440000","638811890363360000","normal"
"2025/04/25 3:44:03 PM MDT","638811887401440000","638811890435190000","flame"
"2025/04/25 3:44:16 PM MDT","638811887401440000","638811890556030000","normal"
"2025/04/25 3:44:25 PM MDT","638811887401440000","638811890651700000","normal"
"2025/04/25 3:44:37 PM MDT","638811887401440000","638811890774030000","normal"
"2025/04/25 4:00:12 PM MDT","638811899921050000","638811900121270000","normal"
"2025/04/25 4:00:32 PM MDT","638811899921050000","638811900325770000","flame"
"2025/04/25 4:03:58 PM MDT","638811902138090000","638811902379520000","flame"
"2025/04/25 4:04:21 PM MDT","638811901794700000","638811902608770000","flame"
"2025/04/25 4:04:49 PM MDT","638811902138090000","638811902890680000","normal"
"2025/04/25 4:05:08 PM MDT","638811901794700000","638811903088100000","flame"
"2025/04/25 4:05:15 PM MDT","638811902387100000","638811903149090000","flame"
"2025/04/25 4:05:27 PM MDT","638811902387100000","638811903277430000","flame"
"2025/04/25 4:05:53 PM MDT","638811902138090000","638811903532350000","normal"
"2025/04/25 4:06:04 PM MDT","638811902138090000","638811903647680000","normal"
"2025/04/25 4:06:09 PM MDT","638811901794700000","638811903693430000","flame"
"2025/04/25 4:06:17 PM MDT","638811902387100000","638811903771590000","flame"
"2025/04/25 4:06:45 PM MDT","638811901794700000","638811904051100000","normal"
"2025/04/25 4:06:49 PM MDT","638811902138090000","638811904096510000","normal"
"2025/04/25 4:07:02 PM MDT","638811902387100000","638811904226260000","flame"
"2025/04/25 4:07:09 PM MDT","638811902138090000","638811904292850000","flame"
"2025/04/25 4:07:36 PM MDT","638811902138090000","638811904565190000","normal"
"2025/04/25 4:07:56 PM MDT","638811902138090000","638811904760030000","normal"
"2025/04/25 4:08:16 PM MDT","638811902138090000","638811904961860000","normal"
"2025/04/25 4:08:34 PM MDT","638811902138090000","638811905147030000","normal"
"2025/04/25 4:08:50 PM MDT","638811902138090000","638811905298200000","normal"
"2025/04/25 4:08:51 PM MDT","638811902387100000","638811905311590000","flame"
"2025/04/25 4:09:00 PM MDT","638811904323590000","638811905405380000","normal"
"2025/04/25 4:09:01 PM MDT","638811902138090000","638811905413690000","normal"
"2025/04/25 4:09:14 PM MDT","638811902138090000","638811905541530000","flame"
"2025/04/25 4:09:20 PM MDT","638811904323590000","638811905607530000","flame"
"2025/04/25 4:09:26 PM MDT","638811902138090000","638811905659200000","normal"
"2025/04/25 4:09:32 PM MDT","638811902387100000","638811905719910000","normal"
"2025/04/25 4:09:32 PM MDT","638811902138090000","638811905720200000","flame"
"2025/04/25 4:09:40 PM MDT","638811902138090000","638811905800690000","normal"
"2025/04/25 4:09:46 PM MDT","638811902138090000","638811905861190000","normal"
"2025/04/25 4:09:52 PM MDT","638811902138090000","638811905920030000","normal"
"2025/04/25 4:09:58 PM MDT","638811902138090000","638811905984530000","normal"
"2025/04/25 4:10:04 PM MDT","638811902138090000","638811906042530000","normal"
"2025/04/25 4:10:10 PM MDT","638811902138090000","638811906104190000","normal"
"2025/04/25 4:10:16 PM MDT","638811902138090000","638811906165370000","normal"
"2025/04/25 4:10:21 PM MDT","638811902138090000","638811906213190000","normal"
"2025/04/25 4:10:24 PM MDT","638811905650370000","638811906242850000","normal"
"2025/04/25 4:10:29 PM MDT","638811902138090000","638811906293190000","normal"
"2025/04/25 4:10:35 PM MDT","638811902138090000","638811906353360000","flame"
"2025/04/25 4:10:40 PM MDT","638811902138090000","638811906404030000","normal"
"2025/04/25 4:10:47 PM MDT","638811902138090000","638811906470860000","normal"
"2025/04/25 4:10:52 PM MDT","638811902138090000","638811906521540000","normal"
"2025/04/25 4:10:58 PM MDT","638811902138090000","638811906579860000","flame"
"2025/04/25 4:11:03 PM MDT","638811902138090000","638811906633370000","normal"
"2025/04/25 4:11:09 PM MDT","638811902138090000","638811906690040000","normal"
"2025/04/25 4:11:36 PM MDT","638811902138090000","638811906960040000","normal"
"2025/04/25 4:11:42 PM MDT","638811902138090000","638811907025200000","normal"
"2025/04/25 4:11:50 PM MDT","638811902138090000","638811907096370000","normal"
"2025/04/25 4:11:57 PM MDT","638811902138090000","638811907167710000","normal"
"2025/04/25 4:12:02 PM MDT","638811902138090000","638811907222530000","normal"
"2025/04/25 4:12:10 PM MDT","638811902138090000","638811907305540000","normal"
"2025/04/25 4:12:15 PM MDT","638811902138090000","638811907356540000","normal"
"2025/04/25 4:12:24 PM MDT","638811902138090000","638811907440210000","normal"
"2025/04/25 4:12:56 PM MDT","638811902138090000","638811907759030000","normal"
"2025/04/25 4:13:29 PM MDT","638811902138090000","638811908088540000","flame"
"2025/04/25 4:13:36 PM MDT","638811902138090000","638811908159200000","flame"
"2025/04/25 4:15:18 PM MDT","638811902138090000","638811909186710000","normal"
"2025/04/25 4:17:06 PM MDT","638812449712450000","638812450265870000","flame"
"2025/04/25 4:17:46 PM MDT","638812449712450000","638812450659370000","normal"
"2025/04/25 4:18:12 PM MDT","638812449712450000","638812450921770000","flame"
"2025/04/25 4:19:28 PM MDT","638812449712450000","638812451682030000","normal"
"2025/04/25 4:19:42 PM MDT","638812449712450000","638812451828030000","flame"
"2025/04/25 4:20:38 PM MDT","638812449712450000","638812452384110000","flame"
"2025/04/25 4:21:04 PM MDT","638812449712450000","638812452645280000","normal"
"2025/04/25 4:21:57 PM MDT","638812449712450000","638812453172700000","normal"
"2025/04/25 4:22:41 PM MDT","638812449712450000","638812453613450000","normal"
"2025/04/25 4:25:30 PM MDT","638811915105850000","638811915305770000","normal"
"2025/04/25 4:25:52 PM MDT","638811915105850000","638811915524920000","normal"
"2025/04/25 4:26:13 PM MDT","638811914940930000","638811915731120000","normal"
"2025/04/25 4:26:44 PM MDT","638811915105850000","638811916044930000","flame"
"2025/04/25 4:26:45 PM MDT","638811915800060000","638811916050700000","flame"
"2025/04/25 4:26:59 PM MDT","638811914940930000","638811916191820000","normal"
"2025/04/25 4:27:14 PM MDT","638811914940930000","638811916344390000","flame"
"2025/04/25 4:27:15 PM MDT","638811915105850000","638811916352260000","normal"
"2025/04/25 4:27:20 PM MDT","638811916023210000","638811916398600000","normal"
"2025/04/25 4:27:42 PM MDT","638811916023210000","638811916622930000","flame"
"2025/04/25 4:27:45 PM MDT","638811915800060000","638811916650350000","flame"
"2025/04/25 4:28:00 PM MDT","638811914940930000","638811916804410000","normal"
"2025/04/25 4:28:40 PM MDT","638811915105850000","638811917205430000","flame"
"2025/04/25 4:29:05 PM MDT","638811915800060000","638811917452520000","normal"
"2025/04/25 4:29:18 PM MDT","638811916023210000","638811917585780000","normal"
"2025/04/25 4:29:34 PM MDT","638811914940930000","638811917746160000","normal"
"2025/04/25 4:29:42 PM MDT","638811916023210000","638811917818960000","normal"
"2025/04/25 4:30:16 PM MDT","638811915105850000","638811918164260000","normal"
"2025/04/25 4:30:21 PM MDT","638811914940930000","638811918214660000","normal"
"2025/04/25 4:31:17 PM MDT","638811914940930000","638811918775000000","normal"
"2025/04/25 4:31:32 PM MDT","638811914940930000","638811918926330000","normal"
"2025/04/25 4:31:41 PM MDT","638811914940930000","638811919011930000","flame"
"2025/04/25 4:31:51 PM MDT","638811914940930000","638811919116920000","flame"
"2025/04/25 4:32:00 PM MDT","638811914940930000","638811919201090000","normal"
"2025/04/25 4:33:10 PM MDT","638811919740370000","638811919905940000","normal"
"2025/04/25 4:33:25 PM MDT","638811919875580000","638811920054310000","normal"
"2025/04/25 4:34:07 PM MDT","638811919740370000","638811920473430000","flame"
"2025/04/25 4:34:19 PM MDT","638811919875580000","638811920596240000","flame"
"2025/04/25 4:35:08 PM MDT","638811920074290000","638811921092790000","flame"
"2025/04/25 4:35:40 PM MDT","638811920074290000","638811921406390000","flame"
"2025/04/25 4:35:50 PM MDT","638811919875580000","638811921507320000","normal"
"2025/04/25 4:37:13 PM MDT","638811920074290000","638811922338660000","normal"
"2025/04/25 4:37:54 PM MDT","638811920074290000","638811922749480000","normal"
"2025/04/25 4:38:18 PM MDT","638811920074290000","638811922991140000","flame"
"2025/04/25 4:38:21 PM MDT","638811919740370000","638811923004920000","flame"
"2025/04/25 4:38:27 PM MDT","638811919875580000","638811923082320000","flame"
"2025/04/25 4:39:14 PM MDT","638811920074290000","638811923551480000","normal"
"2025/04/25 4:39:57 PM MDT","638811920074290000","638811923981390000","flame"
"2025/04/25 4:40:14 PM MDT","638811919740370000","638811924136930000","normal"
"2025/04/25 4:40:28 PM MDT","638811920074290000","638811924289160000","normal"
"2025/04/25 4:40:47 PM MDT","638811924177340000","638811924477360000","normal"
"2025/04/25 4:41:18 PM MDT","638811924177340000","638811924784680000","normal"
"2025/04/25 4:41:22 PM MDT","638811919740370000","638811924823680000","flame"
"2025/04/25 4:42:12 PM MDT","638811924177340000","638811925327020000","normal"
"2025/04/25 4:43:04 PM MDT","638811924177340000","638811925843020000","normal"
"2025/04/25 4:43:46 PM MDT","638811924177340000","638811926267850000","flame"
"2025/04/25 4:45:28 PM MDT","638811924177340000","638811927281360000","normal"
"2025/04/25 4:46:55 PM MDT","638811927776800000","638811928152510000","normal"
"2025/04/25 4:47:14 PM MDT","638811927776800000","638811928346000000","normal"
"2025/04/25 4:47:38 PM MDT","638811927776800000","638811928577830000","normal"
"2025/04/25 4:47:59 PM MDT","638811927776800000","638811928788830000","normal"
"2025/04/25 4:48:19 PM MDT","638811927776800000","638811928991330000","flame"
"2025/04/25 4:48:38 PM MDT","638811927776800000","638811929184990000","flame"
"2025/04/25 4:49:15 PM MDT","638811927776800000","638811929547990000","flame"
"2025/04/25 4:49:31 PM MDT","638811927776800000","638811929712640000","normal"
"2025/04/25 4:49:41 PM MDT","638811927776800000","638811929816170000","normal"
"2025/04/25 4:49:47 PM MDT","638811927776800000","638811929871820000","flame"
"2025/04/25 4:50:01 PM MDT","638811927776800000","638811930015650000","normal"
"2025/04/25 4:50:08 PM MDT","638811927776800000","638811930080810000","normal"
"2025/04/25 4:50:15 PM MDT","638811927776800000","638811930148980000","normal"
"2025/04/25 4:50:20 PM MDT","638811927776800000","638811930207470000","normal"
"2025/04/25 4:50:29 PM MDT","638811927776800000","638811930290480000","normal"
"2025/04/25 4:50:40 PM MDT","638811927776800000","638811930400720000","normal"
"2025/04/25 4:50:46 PM MDT","638811927776800000","638811930457480000","normal"
"2025/04/25 4:50:52 PM MDT","638811927776800000","638811930525980000","normal"
"2025/04/25 4:50:57 PM MDT","638811927776800000","638811930574300000","normal"
"2025/04/25 4:51:18 PM MDT","638811927776800000","638811930787640000","normal"
"2025/04/25 5:21:39 PM MDT","638811948748410000","638811948988530000","normal"
"2025/04/25 5:21:50 PM MDT","638811948748410000","638811949105860000","flame"
"2025/04/25 5:24:06 PM MDT","638811948748410000","638811950465710000","flame"
"2025/04/28 10:01:12 PM MDT","638814708537650000","638814708720310000","flame"
"2025/04/28 10:13:37 PM MDT","638814710169380000","638814716173040000","flame"
"2025/04/28 10:18:32 PM MDT","638814708537650000","638814719125870000","flame"
"2025/04/30 4:05:58 PM MDT","638816223416527470","638816223583941580","normal"
"2025/04/30 4:07:27 PM MDT","638816224240522730","638816224478290270","normal"
"2025/04/30 4:08:25 PM MDT","638816224892228940","638816225049967020","normal"
"2025/04/30 4:19:21 PM MDT","638816231457835130","638816231617459840","normal"
"2025/04/30 4:30:14 PM MDT","638816238057191920","638816238138444890","normal"
"2025/04/30 4:30:32 PM MDT","638816238057191920","638816238321565110","normal"
"2025/04/30 5:04:37 PM MDT","638816258671200520","638816258771901190","normal"
"2025/04/30 5:04:46 PM MDT","638816258671200520","638816258864704320","normal"
"2025/04/30 5:05:34 PM MDT","638816259182263050","638816259346585890","normal"
"2025/04/30 5:09:21 PM MDT","638816261485709520","638816261615771370","normal"
"2025/04/30 5:13:11 PM MDT","638816263765797100","638816263910989850","flame"
"2025/04/30 5:15:42 PM MDT","638816265219535030","638816265420366620","normal"
"2025/04/30 6:06:17 PM MDT","638816295572755050","638816295771963510","normal"
"2025/04/30 6:20:00 PM MDT","638816303810780160","638816304000817680","flame"
"2025/04/30 6:23:24 PM MDT","638816305842848110","638816306038884740","normal"
"2025/04/30 6:25:23 PM MDT","638816306889830030","638816307232892880","normal"
"2025/04/30 6:29:26 PM MDT","638816309342257600","638816309666083790","flame"
"2025/04/30 6:32:08 PM MDT","638816310967224320","638816311286740360","flame"
"2025/04/30 6:38:38 PM MDT","638816314852225250","638816315179922020","flame"
"2025/04/30 6:50:53 PM MDT","638816322349838730","638816322526130860","flame"
"2025/04/30 6:51:05 PM MDT","638816322349838730","638816322652587210","flame"
"2025/04/30 7:17:09 PM MDT","638816338023343590","638816338287167160","normal"
"2025/04/30 7:17:09 PM MDT","638816338023343590","638816338287405710","normal"
"2025/04/30 7:17:09 PM MDT","638816338023343590","638816338288973880","normal"
"2025/04/30 7:43:26 PM MDT","638816353894697430","638816354062078930","flame"
"2025/04/30 8:05:08 PM MDT","638816366476948330","638816367081379590","flame"
"2025/04/30 8:50:56 PM MDT","638816393912088150","638816394554581860","normal"
"2025/04/30 8:57:39 PM MDT","638816398422202710","638816398588381700","flame"
"2025/04/30 9:06:42 PM MDT","638816403753436720","638816404020061560","flame"
"2025/04/30 9:09:55 PM MDT","638816405688888470","638816405952963860","normal"
"2025/04/30 9:11:42 PM MDT","638816406744795220","638816407017085920","normal"
"2025/04/30 9:13:05 PM MDT","638816407583645190","638816407853776060","flame"
"2025/05/01 12:49:24 AM MDT","638816537367998700","638816537643482130","normal"